id,longitude,latitude
0,-73.1230713,7.1191897
1,-73.119328286,7.127498966
2,-73.128431003,7.123001846
3,-73.1298324,7.12923815
4,-73.1355788,7.1071442
5,-73.119602689,7.110799639
6,-73.121964672,7.125215843
7,-73.1112656,7.1176216
8,-73.1293154,7.1082025
9,-73.132348,7.0890557
10,-73.11519115,7.10716075
11,-73.108446183,7.088178485
12,-73.1215055,7.1196051
13,-73.122889033,7.11309787
14,-73.1654584,7.1023013
15,-73.119557,7.1174244
16,-73.1317737,7.14923665
17,-73.111710036,7.127853304
18,-73.1106621,7.0980141
19,-73.124999449,7.13121
20,-73.1233495,7.1158478
21,-73.138505082,7.164565918
22,-73.11109915,7.10374545
23,-73.1074926,7.1023581
24,-73.118006134,7.118242123
25,-73.125273413,7.14896228
26,-73.11671905,7.1176877
27,-73.117983702,7.085381978
28,-73.114291396,7.109200673
29,-73.106885,7.1001827
30,-73.1026131,7.1351105
31,-73.1197885,7.1219943
32,-73.125187881,7.114617135
33,-73.12173465,7.10512
34,-73.113715511,7.1050782
35,-73.1583161,7.125518
36,-73.133062504,7.141149465
37,-73.121257586,7.112034496
38,-73.1321871,7.158556
39,-73.140182965,7.14922458
40,-73.1297891,7.1337967
41,-73.1245165,7.1286743
42,-73.1357626,7.155786
43,-73.135534312,7.144041503
44,-73.121904157,7.113440238
45,-73.118108338,7.11663328
46,-73.1294611,7.112416991
47,-73.1140048,7.1117854
48,-73.128957665,7.135769045
49,-73.1148662,7.0836639
50,-73.1193716,7.1212079
51,-73.15442665,7.1324018
52,-73.1280251,7.11746705
53,-73.1141558,7.0919048
54,-73.11048369,7.113145629
55,-73.1131569,7.1203119
56,-73.126000719,7.10203991
57,-73.13602,7.09416365
58,-73.1632004,7.0983179
59,-73.133997714,7.146876197
60,-73.11526535,7.1167382
61,-73.127209769,7.114054094
62,-73.131420352,7.136243315
63,-73.1267102,7.1264841
64,-73.108481994,7.117031854
65,-73.1270814,7.1170966
66,-73.1100992,7.0897079
67,-73.1258743,7.1360521
68,-73.1243292,7.1278263
69,-73.116920982,7.108544281
70,-73.1285091,7.0941621
71,-73.112247779,7.109504585
72,-73.1366017,7.1450977
73,-73.1178556,7.1370886
74,-73.110519049,7.099870906
75,-73.117823,7.1081777
76,-73.1279692,7.1435352
77,-73.120694293,7.110258651
78,-73.122214059,7.083956616
79,-73.131043819,7.114922052
80,-73.1202185,7.1228993
81,-73.130942638,7.135004357
82,-73.13307097,7.150126867
83,-73.12697685,7.11936445
84,-73.1275475,7.1263112
85,-73.1176383,7.1326614
86,-73.113204181,7.1309466
87,-73.132125,7.0872723
88,-73.12016285,7.102933562
89,-73.1206623,7.1243574
90,-73.147420095,7.15046917
91,-73.1214478,7.1129176
92,-73.130086536,7.134967732
93,-73.1417732,7.1553678
94,-73.107815,7.1005366
95,-73.1313209,7.1543642
96,-73.114190152,7.108256809
97,-73.126384231,7.117876642
98,-73.1153972,7.0859487
99,-73.1125499,7.1299817
100,-73.1144258,7.1102891
101,-73.1352695,7.1202682
102,-73.102636299,7.096935701
103,-73.131004829,7.08539087
104,-73.1113661,7.1227231
105,-73.12737325,7.1224065
106,-73.115549274,7.118994548
107,-73.1068555,7.091432
108,-73.11997585,7.10825785
109,-73.11539565,7.1178004
110,-73.109794006,7.109673768
111,-73.114443557,7.097551824
112,-73.132794811,7.138910489
113,-73.127306,7.12017235
114,-73.126142906,7.137215128
115,-73.12250745,7.10074925
116,-73.1482783,7.08380955
117,-73.119824252,7.091308897
118,-73.1283695,7.1208442
119,-73.121829255,7.116011196
120,-73.1198797,7.11636555
121,-73.129460711,7.100329223
122,-73.1211951,7.1188628
123,-73.1373488,7.1069448
124,-73.106258238,7.091470696
125,-73.1207,7.1178276
126,-73.123476644,7.10374065
127,-73.1094535,7.1074206
128,-73.1128228,7.1266032
129,-73.106125073,7.10408528
130,-73.115110297,7.114474442
131,-73.110139407,7.104218246
132,-73.113573573,7.103576498
133,-73.115773603,7.107837062
134,-73.113566994,7.102155216
135,-73.12483,7.1211401
136,-73.1201008,7.1102656
137,-73.120318751,7.134638049
138,-73.114850889,7.11351433
139,-73.1101965,7.11142095
140,-73.1182988,7.10954435
141,-73.1254096,7.1378094
142,-73.1166872,7.1050959
143,-73.0992578,7.133096
144,-73.1194597,7.1232076
145,-73.115185005,7.115664364
146,-73.1110351,7.11659365
147,-73.11681325,7.1221966
148,-73.12894175,7.1133813
149,-73.11758425,7.1239819
150,-73.142101864,7.101950086
151,-73.1348751,7.1075386
152,-73.122253499,7.082329502
153,-73.13106665,7.11607285
154,-73.12329761,7.081846888
155,-73.1092759,7.1133613
156,-73.1098415,7.1191139
157,-73.115868504,7.127442039
158,-73.114042,7.0991349
159,-73.1296162,7.1369913
160,-73.116278737,7.084706406
161,-73.115973616,7.11984062
162,-73.1242397,7.11484925
163,-73.117743456,7.109060977
164,-73.14774135,7.0839075
165,-73.11823965,7.10441265
166,-73.13037745,7.1320754
167,-73.11353305,7.0853443
168,-73.12303265,7.11531235
169,-73.1073551,7.1122045
170,-73.1175044,7.1032869
171,-73.132363166,7.097982559
172,-73.1223834,7.1048191
173,-73.120952,7.1206581
174,-73.1271728,7.1334009
175,-73.1102905,7.0891882
176,-73.128428844,7.126203968
177,-73.11141975,7.1188488
178,-73.1085161,7.1155459
179,-73.11710545,7.1229968
180,-73.107114101,7.089872216
181,-73.126302379,7.123301006
182,-73.114529742,7.106522201
183,-73.1107441,7.1243223
184,-73.112590983,7.125681855
185,-73.127056172,7.128202071
186,-73.1312195,7.11143185
187,-73.10987915,7.13110625
188,-73.119579494,7.107077914
189,-73.116564052,7.121387789
190,-73.111270031,7.086039194
191,-73.11484035,7.0881983
192,-73.113864716,7.12477676
193,-73.1166268,7.1094684
194,-73.1119758,7.12185375
195,-73.1245655,7.1156579
196,-73.10950825,7.108003
197,-73.1179761,7.1265844
198,-73.1240293,7.11878865
199,-73.1302478,7.1446286
200,-73.1257369,7.0973129
201,-73.11973616,7.097107633
202,-73.109421,7.0873044
203,-73.1162825,7.12060875
204,-73.1287823,7.1195874
205,-73.1221633,7.1168435
206,-73.1248923,7.11845015
207,-73.1257582,7.1207519
208,-73.134571069,7.151532763
209,-73.126235024,7.114032611
210,-73.128865764,7.117270747
211,-73.108399294,7.126482183
212,-73.13011245,7.0920499
213,-73.1391817,7.12066265
214,-73.1142643,7.1201806
215,-73.1276969,7.1191115
216,-73.1285053,7.1187921
217,-73.121099118,7.082935966
218,-73.1191307,7.0979434
219,-73.12528205,7.0868136
220,-73.1315625,7.11765935
221,-73.12107875,7.11385105
222,-73.1297125,7.1148393
223,-73.1108758,7.0916817
224,-73.11298005,7.12733185
225,-73.122444839,7.085379465
226,-73.1245491,7.1202467
227,-73.127338089,7.098883702
228,-73.139802516,7.104742489
229,-73.130114412,7.130661418
230,-73.135761868,7.113394192
231,-73.1268777,7.1273521
232,-73.126325539,7.089088774
233,-73.116590362,7.087956906
234,-73.1179481,7.12472235
235,-73.12919665,7.1259232
236,-73.124505,7.1177145
237,-73.14351445,7.15319485
238,-73.12993235,7.11309435
239,-73.1091459,7.1009886
240,-73.108485448,7.097132015
241,-73.1097362,7.1090723
242,-73.1235041,7.1073315
243,-73.1248043,7.1129187
244,-73.1221251,7.1211471
245,-73.11162315,7.1199247
246,-73.1255113,7.1293322
247,-73.135446892,7.108430963
248,-73.1307928,7.1020005
249,-73.1206324,7.1312006
250,-73.1254701,7.1199193
251,-73.1159606,7.113596
252,-73.1118267,7.12110025
253,-73.11074215,7.1078352
254,-73.097556378,7.105711611
255,-73.125329,7.1175037
256,-73.1199502,7.1182257
257,-73.1186655,7.1197121
258,-73.1174729,7.1318237
259,-73.119991235,7.111374618
260,-73.12615195,7.11730545
261,-73.1159205,7.1096578
262,-73.1121968,7.1127468
263,-73.10009805,7.1164966
264,-73.1107175,7.1189782
265,-73.1122032,7.12333975
266,-73.1238205,7.1166044
267,-73.1099462,7.110274
268,-73.1159347,7.10543745
269,-73.12961,7.1117904
270,-73.1018894,7.1373954
271,-73.11065235,7.11439335
272,-73.1142022,7.1036278
273,-73.120974438,7.106519009
274,-73.118003614,7.110298009
275,-73.1165644,7.0874901
276,-73.1109189,7.1156909
277,-73.135585491,7.08786935
278,-73.1153982,7.1239207
279,-73.114651496,7.112013312
280,-73.1186748,7.1181408
281,-73.1252761,7.0893479
282,-73.116637971,7.110517692
283,-73.121131148,7.087276849
284,-73.097244323,7.101478983
285,-73.1252578,7.1369478
286,-73.1227242,7.1226168
287,-73.1276734,7.1160477
288,-73.13373,7.1315897
289,-73.1251082,7.1362221
290,-73.126584,7.13592175
291,-73.1314525,7.1121589
292,-73.131142504,7.150035761
293,-73.1256606,7.1037888
294,-73.112292472,7.124014193
295,-73.1221665,7.1259707
296,-73.124405159,7.146942297
297,-73.1259262,7.0996989
298,-73.118800751,7.115892142
299,-73.106618853,7.098014772
300,-73.115051,7.132337
301,-73.107140041,7.101098899
302,-73.120105211,7.109439867
303,-73.1163379,7.10878545
304,-73.106144123,7.112823758
305,-73.126246187,7.152202627
306,-73.1305545,7.1123782
307,-73.127392,7.1298667
308,-73.119255016,7.095977158
309,-73.1219338,7.1291736
310,-73.13133305,7.11688485
311,-73.12005935,7.0784226
312,-73.120482527,7.137494367
313,-73.118405366,7.113025436
314,-73.1242421,7.1363674
315,-73.124898785,7.084916965
316,-73.1256234,7.11815835
317,-73.1188749,7.1141175
318,-73.1302304,7.1138937
319,-73.1343695,7.1566098
320,-73.1144348,7.1256817
321,-73.134175241,7.147987594
322,-73.1171393,7.1301343
323,-73.127913659,7.113501234
324,-73.1318677,7.1157895
325,-73.1206674,7.11988335
326,-73.122382218,7.115811131
327,-73.131732486,7.120768869
328,-73.12397545,7.13053605
329,-73.1159712,7.116814
330,-73.1217987,7.120338
331,-73.1344066,7.1306739
332,-73.1288545,7.12428525
333,-73.1261935,7.1283523
334,-73.1234275,7.0769213
335,-73.11406865,7.10738775
336,-73.1265721,7.1204544
337,-73.122510393,7.124765
338,-73.140193035,7.147673681
339,-73.121151849,7.125568569
340,-73.1296737,7.1284117
341,-73.1244013,7.1250535
342,-73.1216986,7.11514755
343,-73.1212535,7.1214658
344,-73.107371577,7.111148447
345,-73.1278317,7.0998355
346,-73.1128238,7.11146905
347,-73.120074138,7.132186135
348,-73.1108826,7.1249997
349,-73.1133742,7.1156371
350,-73.123055991,7.134675983
351,-73.11820235,7.08099765
352,-73.1081655,7.1135798
353,-73.133989163,7.153197011
354,-73.129041303,7.125222714
355,-73.10103915,7.10271785
356,-73.1191357,7.1323585
357,-73.1072185,7.1231359
358,-73.1229231,7.141777
359,-73.1082274,7.1165324
360,-73.12575685,7.1162999
361,-73.116933726,7.111129958
362,-73.112328724,7.115319432
363,-73.096964,7.0993357
364,-73.1098282,7.1132599
365,-73.1093161,7.1168908
366,-73.1252417,7.1222585
367,-73.118007598,7.07667429
368,-73.127509,7.1152596
369,-73.1142357,7.1181388
370,-73.1175602,7.1259125
371,-73.1229919,7.1232721
372,-73.1095134,7.0883821
373,-73.1380603,7.0910871
374,-73.1276945,7.1211592
375,-73.126809511,7.124993507
376,-73.130923615,7.102647765
377,-73.1166525,7.11689
378,-73.1538354,7.1337182
379,-73.1163269,7.1256281
380,-73.130385993,7.121708086
381,-73.1307075,7.1521869
382,-73.115409774,7.084557949
383,-73.12724,7.11766475
384,-73.109528566,7.105731675
385,-73.12297265,7.1298716
386,-73.1202023,7.1044748
387,-73.1224984,7.1220353
388,-73.10864085,7.12319765
389,-73.1241544,7.1269837
390,-73.1339718,7.15212075
391,-73.116808745,7.106462827
392,-73.1154518,7.0820344
393,-73.124043553,7.088215016
394,-73.1100292,7.1357786
395,-73.1232665,7.0831394
396,-73.11212635,7.1163656
397,-73.1145338,7.1152421
398,-73.128036946,7.133225997
399,-73.1156783,7.1088829
400,-73.1159348,7.1248917
401,-73.11310645,7.1092184
402,-73.119811,7.12474315
403,-73.1316348,7.11120985
404,-73.1373208,7.1573737
405,-73.1323563,7.11082445
406,-73.116716,7.1244347
407,-73.117828234,7.137598209
408,-73.1158869,7.1321591
409,-73.129361265,7.12678777
410,-73.117087698,7.084777227
411,-73.120427215,7.125841007
412,-73.12397,7.1029461
413,-73.106713693,7.129271156
414,-73.12872953,7.133980574
415,-73.1059184,7.1097607
416,-73.1306993,7.1337086
417,-73.107258,7.0944562
418,-73.11348673,7.123286486
419,-73.1074131,7.0957891
420,-73.1279998,7.1198745
421,-73.1150183,7.10598865
422,-73.1224672,7.1273187
423,-73.133894518,7.150961261
424,-73.123529285,7.137112929
425,-73.1267436,7.1464219
426,-73.1248981,7.1164262
427,-73.141315,7.104105
428,-73.1206047,7.11644905
429,-73.108393,7.1149053
430,-73.1316784,7.1400838
431,-73.1387727,7.1259258
432,-73.1158927,7.1115647
433,-73.109295579,7.09506446
434,-73.1090738,7.1154371
435,-73.112331699,7.113664263
436,-73.131691408,7.10004753
437,-73.1431532,7.1653117
438,-73.1319631,7.137431
439,-73.130499104,7.1394401
440,-73.1189519,7.1223036
441,-73.114040249,7.096790113
442,-73.1216204,7.1318843
443,-73.13442085,7.10931
444,-73.1153738,7.0880107
445,-73.1278985,7.1245619
446,-73.138184284,7.106264532
447,-73.1171291,7.1251897
448,-73.1124436,7.1247281
449,-73.1447608,7.0890071
450,-73.0958477,7.1066591
451,-73.1261483,7.1218505
452,-73.12210703,7.081510756
453,-73.138117,7.1598166
454,-73.1239109,7.1261471
455,-73.1252255,7.1247551
456,-73.117027663,7.107720056
457,-73.107327419,7.113676638
458,-73.11789705,7.113769
459,-73.1661062,7.0993872
460,-73.12210025,7.1185413
461,-73.1073767,7.0935044
462,-73.1112753,7.0907245
463,-73.121312,7.1262888
464,-73.1057582,7.1085705
465,-73.1126675,7.0852939
466,-73.117419519,7.119223697
467,-73.119009447,7.104083726
468,-73.1178659,7.1120121
469,-73.1185727,7.126278
470,-73.119444494,7.129532731
471,-73.128750319,7.13475056
472,-73.12602075,7.13189965
473,-73.1213018,7.13466045
474,-73.1395282,7.1625799
475,-73.1190259,7.12047795
476,-73.12434501,7.092505469
477,-73.1169666,7.1292873
478,-73.1136078,7.1209222
479,-73.1098545,7.1167946
480,-73.1267374,7.12415505
481,-73.1233083,7.1315585
482,-73.12262,7.1325623
483,-73.11309625,7.1012392
484,-73.1278287,7.13646
485,-73.1318207,7.1133861
486,-73.124324612,7.132247374
487,-73.1176576,7.0862338
488,-73.1247056,7.1258126
489,-73.133419024,7.142213107
490,-73.16434655,7.10415625
491,-73.1236458,7.1253533
492,-73.11608835,7.08013135
493,-73.131246632,7.157316862
494,-73.1283517,7.1151365
495,-73.10743455,7.11504645
496,-73.130535797,7.132894366
497,-73.1306898,7.1482693
498,-73.1202184,7.1209228
499,-73.12312785,7.11669735
500,-73.1198105,7.1076394
501,-73.1294642,7.1321063
502,-73.127086043,7.096861946
503,-73.1232058,7.12176
504,-73.10714525,7.1308143
505,-73.1347379,7.1218788
506,-73.118568,7.1215017
507,-73.1254515,7.11553525
508,-73.104581696,7.100623343
509,-73.1145044,7.1332701
510,-73.109334371,7.091895509
511,-73.1274421,7.1182588
512,-73.129871379,7.140444883
513,-73.113672,7.1062289
514,-73.1139823,7.1197896
515,-73.1151573,7.1099218
516,-73.126937599,7.154150279
517,-73.1055996,7.1140825
518,-73.1151633,7.1252781
519,-73.1120857,7.1225935
520,-73.1158008,7.1227512
521,-73.1238265,7.1296925
522,-73.114875791,7.128241128
523,-73.1124267,7.118604
524,-73.1276765,7.1357109
525,-73.13507745,7.119319255
526,-73.1288545,7.1330807
527,-73.1261071,7.1244178
528,-73.1298648,7.1249232
529,-73.13385015,7.10975015
530,-73.1178167,7.1334982
531,-73.1186969,7.1297978
532,-73.1082418,7.1205047
533,-73.1091495,7.1192203
534,-73.11867395,7.10995945
535,-73.11356315,7.128415105
536,-73.1377856,7.10749055
537,-73.1231013,7.1264559
538,-73.1173436,7.11150785
539,-73.1181341,7.0867133
540,-73.1181874,7.12078115
541,-73.1100544,7.1202054
542,-73.1127872,7.0907351
543,-73.1295424,7.1193051
544,-73.1236997,7.1179817
545,-73.12004309,7.132916674
546,-73.1174409,7.0788107
547,-73.1262486,7.1196312
548,-73.1228602,7.1107415
549,-73.1299431,7.1386367
550,-73.12920585,7.114147
551,-73.103013357,7.112116722
552,-73.1291207,7.1205194
553,-73.1018758,7.1324893
554,-73.1193169,7.10638185
555,-73.1149746,7.1210555
556,-73.120928515,7.110921884
557,-73.1301061,7.1182159
558,-73.1264162,7.1384757
559,-73.1306016,7.1196128
560,-73.126893816,7.136967162
561,-73.108962,7.1148027
562,-73.1170541,7.0859815
563,-73.12622145,7.10055695
564,-73.11919445,7.10769925
565,-73.1307867,7.1442802
566,-73.1179038,7.13621095
567,-73.134909254,7.141911576
568,-73.132187863,7.138111298
569,-73.141414445,7.102742455
570,-73.1292573,7.1185077
571,-73.1202115,7.1124338
572,-73.1211072,7.1293666
573,-73.112465348,7.108465117
574,-73.108011667,7.124509191
575,-73.1224572,7.1317069
576,-73.1086318,7.1193308
577,-73.1190927,7.10575395
578,-73.12213285,7.13449765
579,-73.115516486,7.104292556
580,-73.11257445,7.13428935
581,-73.1267028,7.1309024
582,-73.1129812,7.1000934
583,-73.124559188,7.137239043
584,-73.1278422,7.1169549
585,-73.1162703,7.103993014
586,-73.13120505,7.11862125
587,-73.132413633,7.101267401
588,-73.1208975,7.1226569
589,-73.1084565,7.1216938
590,-73.11266235,7.1144851
591,-73.140897923,7.109275327
592,-73.112723911,7.119458399
593,-73.1223361,7.1266847
594,-73.1429161,7.1028541
595,-73.1075939,7.11023995
596,-73.1093935,7.0866225
597,-73.1265424,7.1146745
598,-73.129761744,7.117009915
599,-73.1112419,7.1219953
600,-73.1238287,7.1340801
601,-73.11260782,7.133551549
602,-73.124693,7.1294934
603,-73.111506,7.1234529
604,-73.1169989,7.1142157
605,-73.1255561,7.1230161
606,-73.122255448,7.09894255
607,-73.119461249,7.134956094
608,-73.1280052,7.1219156
609,-73.1296917,7.1241028
610,-73.1133575,7.1183675
611,-73.1233291,7.1271554
612,-73.110503,7.1228699
613,-73.1098536,7.122991
614,-73.1090287,7.1215864
615,-73.114816872,7.102900071
616,-73.1103471,7.1258675
617,-73.1090197,7.1183831
618,-73.113217631,7.09868885
619,-73.12440805,7.144539
620,-73.1239666,7.1214954
621,-73.135509678,7.15055488
622,-73.1193642,7.0840953
623,-73.1327113,7.1199394
624,-73.10131915,7.0980833
625,-73.130979888,7.098447146
626,-73.1118432,7.1255818
627,-73.132488,7.121558
628,-73.1162031,7.129447
629,-73.1061736,7.1184858
630,-73.110257852,7.096318898
631,-73.1137621,7.1260641
632,-73.1162534,7.1124293
633,-73.12241705,7.11752395
634,-73.109398,7.1238162
635,-73.1268229,7.1161394
636,-73.1182674,7.1255296
637,-73.1292987,7.1312455
638,-73.1094755,7.1208887
639,-73.12873416,7.104135962
640,-73.106685,7.1104698
641,-73.112241707,7.129118365
642,-73.1150161,7.1363888
643,-73.126977123,7.097845615
644,-73.1047304,7.1096861
645,-73.1181764,7.1144378
646,-73.118434,7.1281848
647,-73.1248828,7.1012635
648,-73.116186,7.12348
649,-73.123289392,7.12411313
650,-73.1104248,7.1275537
651,-73.1119153,7.1282728
652,-73.1249483,7.1353551
653,-73.116185625,7.083079849
654,-73.128138574,7.102722251
655,-73.1173069,7.1309852
656,-73.1072976,7.1219828
657,-73.1265292,7.1300369
658,-73.1168435,7.0996646
659,-73.1153316,7.1219638
660,-73.106301513,7.093651743
661,-73.1279642,7.1373086
662,-73.1302782,7.122961
663,-73.1256028,7.1346028
664,-73.1120948,7.1076836
665,-73.1351076,7.0959212
666,-73.1407315,7.1537074
667,-73.1265839,7.1393037
668,-73.1245331,7.0829393
669,-73.1276102,7.1237906
670,-73.1077786,7.1114327
671,-73.11941395,7.115275
672,-73.11636275,7.13446575
673,-73.1088104,7.1203833
674,-73.1275044,7.1205896
675,-73.122999591,7.138932985
676,-73.1303365,7.1029433
677,-73.1121905,7.1173654
678,-73.1093743,7.1203106
679,-73.124763561,7.123535426
680,-73.11559875,7.11090535
681,-73.1195955,7.1194118
682,-73.14167155,7.15300485
683,-73.1236552,7.1288535
684,-73.130313017,7.136431885
685,-73.1114579,7.1266389
686,-73.1133672,7.0921424
687,-73.126055,7.1438672
688,-73.1107121,7.1267619
689,-73.1214286,7.1239999
690,-73.1285819,7.0973511
691,-73.1104313,7.1167008
692,-73.116476902,7.091937343
693,-73.1284914,7.1270464
694,-73.1053394,7.1174238
695,-73.130019632,7.141180731
696,-73.135735209,7.154199257
697,-73.1101178,7.1244289
698,-73.113353976,7.113533562
699,-73.1235902,7.0925851
700,-73.130510731,7.082289603
701,-73.118597,7.1235777
702,-73.1293805,7.1158658
703,-73.1317664,7.0803302
704,-73.1109874,7.1257442
705,-73.117522711,7.104277902
706,-73.1176444,7.0975853
707,-73.1449966,7.0896219
708,-73.1293942,7.0991045
709,-73.1222472,7.1350009
710,-73.1146616,7.1306381
711,-73.1252972,7.1329093
712,-73.1247637,7.1345638
713,-73.11161045,7.09360295
714,-73.107744469,7.129308306
715,-73.112717838,7.107363569
716,-73.106996,7.1372431
717,-73.121656018,7.136421636
718,-73.1154561,7.1128877
719,-73.1120843,7.1122331
720,-73.1266844,7.1153702
721,-73.1286255,7.1406669
722,-73.1093144,7.1270533
723,-73.1155711,7.1152051
724,-73.109940836,7.125173793
725,-73.1191177,7.1129462
726,-73.1202118,7.0876393
727,-73.1220992,7.1236805
728,-73.110988679,7.109497166
729,-73.1201709,7.0835676
730,-73.1089314,7.1112432
731,-73.128872011,7.137572642
732,-73.1079063,7.1121209
733,-73.095033715,7.098922494
734,-73.1106446,7.1236049
735,-73.1205303,7.1217234
736,-73.1077065,7.115586
737,-73.1091374,7.122351
738,-73.1146831,7.1243181
739,-73.1291903,7.1150104
740,-73.1215856,7.1223859
741,-73.1226524,7.1102563
742,-73.113387,7.1109933
743,-73.130354,7.1190281
744,-73.115340101,7.134288186
745,-73.12080105,7.1329085
746,-73.1258687,7.1266422
747,-73.1100043,7.123709
748,-73.1087078,7.1134609
749,-73.124577238,7.10270921
750,-73.1281395,7.1143316
751,-73.132796022,7.114581204
752,-73.116767,7.1263529
753,-73.1246792,7.1339236
754,-73.120282829,7.13606058
755,-73.1174027,7.1351099
756,-73.1131887,7.1164587
757,-73.1364028,7.0956269
758,-73.1318852,7.157948
759,-73.13396555,7.08864935
760,-73.1337887,7.1212854
761,-73.1118555,7.1140615
762,-73.133347347,7.125383754
763,-73.106812,7.1086452
764,-73.137819509,7.095937241
765,-73.1238917,7.1345287
766,-73.1177772,7.1217834
767,-73.1340427,7.122744
768,-73.1337157,7.1549265
769,-73.10489209,7.097995879
770,-73.1277411,7.091332
771,-73.111827162,7.103436235
772,-73.101594936,7.131721066
773,-73.1234818,7.1324092
774,-73.1228712,7.1208693
775,-73.1155214,7.1304483
776,-73.1203529,7.1191363
777,-73.1261663,7.1327413
778,-73.139159293,7.111838975
779,-73.12641755,7.1447723
780,-73.130724,7.1128892
781,-73.125215537,7.146063299
782,-73.1219843,7.1335669
783,-73.1092075,7.1098033
784,-73.1136248,7.1191085
785,-73.111263082,7.09474979
786,-73.11081885,7.102219412
787,-73.1117628,7.1248477
788,-73.1254442,7.1337366
789,-73.1318075,7.0975735
790,-73.1370666,7.1229338
791,-73.1135441,7.0825219
792,-73.1202985,7.106792
793,-73.136078378,7.118318367
794,-73.129467702,7.084308456
795,-73.1251963,7.1276799
796,-73.12956425,7.121540416
797,-73.1324196,7.1252571
798,-73.133531424,7.081154155
799,-73.122506737,7.087739676
800,-73.122570149,7.136645744
801,-73.1322933,7.1399623
802,-73.1238957,7.0893211
803,-73.1056304,7.1314046
804,-73.1188388,7.106743
805,-73.099120953,7.130613957
806,-73.1179475,7.1299558
807,-73.10946025,7.09115615
808,-73.1300285,7.1257356
809,-73.1147668,7.07992255
810,-73.1161187,7.1176209
811,-73.1275589,7.1307161
812,-73.1218302,7.1230205
813,-73.13415255,7.1139479
814,-73.1152294,7.1331385
815,-73.1329048,7.1317433
816,-73.1088855,7.1239005
817,-73.105189986,7.133771699
818,-73.1248552,7.0969986
819,-73.125556,7.0980727
820,-73.12156,7.11765605
821,-73.1260173,7.0962877
822,-73.1135406,7.0859279
823,-73.1223886,7.08658065
824,-73.1309812,7.1304917
825,-73.1127608,7.10269595
826,-73.11071,7.0921427
827,-73.1223774,7.109626
828,-73.12460482,7.15003447
829,-73.132894015,7.093192541
830,-73.1062746,7.1085981
831,-73.1281158,7.1381534
832,-73.117281,7.1148665
833,-73.1328779,7.1243081
834,-73.1141036,7.1141737
835,-73.1319382,7.1311392
836,-73.1273948,7.1254754
837,-73.1268548,7.1317307
838,-73.1006133,7.1049912
839,-73.1396415,7.0942024
840,-73.1286967,7.1322585
841,-73.1217838,7.1327236
842,-73.1257336,7.1394864
843,-73.1242879,7.0759544
844,-73.109753806,7.101038158
845,-73.1102289,7.1213567
846,-73.1308389,7.1224357
847,-73.13324295,7.120647039
848,-73.1191795,7.1414731
849,-73.12974505,7.13763945
850,-73.1257627,7.1449168
851,-73.12702497,7.132557473
852,-73.123650595,7.133261154
853,-73.1331944,7.1333275
854,-73.1118457,7.0947292
855,-73.1229744,7.1307134
856,-73.1174368,7.1210479
857,-73.133314596,7.139568823
858,-73.1207867,7.1276499
859,-73.11481915,7.11942415
860,-73.1295798,7.1043313
861,-73.117941484,7.134767044
862,-73.1276107,7.1399875
863,-73.137753971,7.160481022
864,-73.114267,7.1218685
865,-73.1219185,7.0789661
866,-73.1198906,7.12016465
867,-73.1148857,7.0820377
868,-73.1159692,7.1147379
869,-73.1065833,7.1156459
870,-73.1097288,7.1222623
871,-73.109715645,7.128634108
872,-73.1214849,7.1269159
873,-73.1142444,7.1236211
874,-73.1341621,7.1234746
875,-73.125347,7.1285162
876,-73.10864385,7.10986355
877,-73.1118392,7.0892082
878,-73.13337305,7.13829615
879,-73.1196367,7.11577
880,-73.1126805,7.1216672
881,-73.1342388,7.1298456
882,-73.1343446,7.0919637
883,-73.1272079,7.1289993
884,-73.1278663,7.1324231
885,-73.1106443,7.1072677
886,-73.1130273,7.1005547
887,-73.1342849,7.1196468
888,-73.1341553,7.1190226
889,-73.1194801,7.1084412
890,-73.1306573,7.1247617
891,-73.136182132,7.12090641
892,-73.1212715,7.0788802
893,-73.1116377,7.1241677
894,-73.1202749,7.1295289
895,-73.1103827,7.1221407
896,-73.1122997,7.102895
897,-73.1248062,7.1059784
898,-73.137808101,7.111602033
899,-73.1282847,7.1389673
900,-73.11223355,7.1265323
901,-73.1023954,7.1317576
902,-73.1353685,7.0949917
903,-73.1225477,7.120046
904,-73.1309169,7.1178915
905,-73.111093,7.1212279
906,-73.1070177,7.1207995
907,-73.118661151,7.136458287
908,-73.1192165,7.1184687
909,-73.1304843,7.10383055
910,-73.133902852,7.09632194
911,-73.136199806,7.149844253
912,-73.1145877,7.1225039
913,-73.1309997,7.113654
914,-73.1126824,7.1323563
915,-73.1148682,7.0831479
916,-73.1181584,7.1225781
917,-73.1209567,7.1170647
918,-73.114234,7.1016649
919,-73.1095237,7.1146996
920,-73.1298303,7.1201359
921,-73.1181422,7.0862489
922,-73.123889222,7.13897922
923,-73.12277,7.1183164
924,-73.13113265,7.1588485
925,-73.1095741,7.1214826
926,-73.1162579,7.1016462
927,-73.1031885,7.1139969
928,-73.12505415,7.10018315
929,-73.13411,7.14075345
930,-73.1095593,7.1183178
931,-73.1296229,7.132932
932,-73.11975645,7.1313776
933,-73.1100367,7.1365805
934,-73.1307083,7.0999972
935,-73.1153265,7.1008208
936,-73.1100748,7.1146
937,-73.1255897,7.1257056
938,-73.11180185,7.110574372
939,-73.13967905,7.11461785
940,-73.13306585,7.1103733
941,-73.1163606,7.1302843
942,-73.1144046,7.1324148
943,-73.1211531,7.1072639
944,-73.1338923,7.1323968
945,-73.132709127,7.145050224
946,-73.111922,7.1045413
947,-73.11213785,7.0921872
948,-73.1364889,7.0909497
949,-73.1228493,7.1256658
950,-73.1062044,7.1170785
951,-73.141227073,7.120275043
952,-73.1149944,7.1232071
953,-73.1260352,7.127513
954,-73.110090036,7.085530533
955,-73.1014369,7.1048405
956,-73.1303327,7.127331
957,-73.1311387,7.1312899
958,-73.1333746,7.1191991
959,-73.136101,7.0961139
960,-73.1291127,7.1388034
961,-73.1249895,7.1241694
962,-73.125183,7.1087777
963,-73.1437701,7.1015734
964,-73.1244427,7.1226183
965,-73.136385752,7.152916324
966,-73.117727605,7.092533915
967,-73.1130932,7.1127865
968,-73.1328342,7.08991915
969,-73.1378984,7.105416
970,-73.13404575,7.12407075
971,-73.131482687,7.153478377
972,-73.1226494,7.128158
973,-73.141003761,7.161457084
974,-73.1159673,7.0790439
975,-73.1429192,7.0926408
976,-73.1166126,7.1132592
977,-73.1380418,7.1210261
978,-73.1135425,7.0831157
979,-73.11460481,7.134200962
980,-73.11057375,7.10671695
981,-73.1127647,7.1038295
982,-73.1245809,7.1379815
983,-73.1198304,7.0924118
984,-73.130098657,7.096048542
985,-73.1305027,7.1281262
986,-73.119457118,7.136464233
987,-73.129356196,7.101963207
988,-73.1236741,7.122946
989,-73.118908907,7.099232567
990,-73.1187197,7.1078298
991,-73.1154684,7.0806267
992,-73.1308211,7.125577
993,-73.1203073,7.13536735
994,-73.1206581,7.1080596
995,-73.1302914,7.104795
996,-73.127740124,7.127188491
997,-73.1196062,7.1305178
998,-73.1139344,7.1105936
999,-73.1326052,7.1130966
1000,-73.0991381,7.1025535
1001,-73.1199747,7.11472515
1002,-73.1161869,7.1183805
1003,-73.1101426,7.1270603
1004,-73.11227438,7.092693756
1005,-73.1096386,7.1085449
1006,-73.1025063,7.1046449
1007,-73.13688805,7.12205475
1008,-73.123961484,7.099633108
1009,-73.114103,7.1165978
1010,-73.1016985,7.101202
1011,-73.09476096,7.106827048
1012,-73.1205031,7.1266203
1013,-73.1099176,7.1342292
1014,-73.12455685,7.099448
1015,-73.124707,7.1452701
1016,-73.1154579,7.1402098
1017,-73.13021675,7.1164646
1018,-73.10671065,7.1221254
1019,-73.1204407,7.1303624
1020,-73.1135475,7.0797053
1021,-73.1166778,7.0911218
1022,-73.1328845,7.1234659
1023,-73.1098956,7.0901654
1024,-73.1315174,7.0830741
1025,-73.1322529,7.1244363
1026,-73.1114406,7.0902497
1027,-73.122293,7.11943275
1028,-73.134417381,7.138641323
1029,-73.130306377,7.099195524
1030,-73.1184085,7.1325029
1031,-73.1170909,7.1202868
1032,-73.1213121,7.1302014
1033,-73.1019733,7.0957735
1034,-73.12627555,7.08331705
1035,-73.1274413,7.1391365
1036,-73.1110546,7.0956479
1037,-73.133978045,7.155304721
1038,-73.12640325,7.09443915
1039,-73.1345859,7.1211489
1040,-73.1332389,7.1090118
1041,-73.1317765,7.130334
1042,-73.104009628,7.095253996
1043,-73.1025928,7.1112862
1044,-73.1122743,7.0916807
1045,-73.1283892,7.1305435
1046,-73.1216085,7.1274871
1047,-73.1232565,7.1357048
1048,-73.1373469,7.1058679
1049,-73.119384615,7.133257317
1050,-73.1145917,7.0998866
1051,-73.1304818,7.11718355
1052,-73.1253532,7.147555
1053,-73.1153257,7.1203518
1054,-73.111113112,7.129175409
1055,-73.1371337,7.15833195
1056,-73.1333625,7.1542281
1057,-73.108424701,7.125131055
1058,-73.1165288,7.1311377
1059,-73.121601,7.0993848
1060,-73.1213582,7.1078674
1061,-73.117611,7.1131564
1062,-73.107330244,7.128385279
1063,-73.1269649,7.1214825
1064,-73.1285071,7.115961
1065,-73.1314594,7.1245926
1066,-73.121464,7.1310279
1067,-73.131304,7.1279816
1068,-73.131911821,7.122756783
1069,-73.11546355,7.0813161
1070,-73.106319,7.1080218
1071,-73.128672873,7.082092773
1072,-73.13422845,7.1147353
1073,-73.1427524,7.0910162
1074,-73.1223242,7.0787352
1075,-73.1117055,7.0931106
1076,-73.1122408,7.1196771
1077,-73.1368575,7.0949125
1078,-73.1290113,7.0981497
1079,-73.1334121,7.130009
1080,-73.139739286,7.102775148
1081,-73.12683235,7.10147665
1082,-73.1255163,7.09883185
1083,-73.1142601,7.1158809
1084,-73.1206874,7.1132706
1085,-73.134117747,7.09549941
1086,-73.109696168,7.100359991
1087,-73.13621572,7.121881787
1088,-73.1253589,7.0941153
1089,-73.108844,7.0894951
1090,-73.111214,7.0848243
1091,-73.127713,7.153828
1092,-73.1284646,7.1398252
1093,-73.1271228,7.0931838
1094,-73.1312892,7.1320522
1095,-73.1248704,7.1396438
1096,-73.1131549,7.1174625
1097,-73.118103,7.0885002
1098,-73.129105437,7.149359313
1099,-73.102773889,7.115623198
1100,-73.1236766,7.1532695
1101,-73.1300494,7.1157898
1102,-73.1222007,7.1467631
1103,-73.1267601,7.1401578
1104,-73.1311275,7.1229784
1105,-73.1396151,7.1647775
1106,-73.1324669,7.1407656
1107,-73.110148,7.1207614
1108,-73.1157025,7.1005342
1109,-73.1244953,7.1330932
1110,-73.1265492,7.125682
1111,-73.1178285,7.1200065
1112,-73.0988959,7.10504925
1113,-73.1095309,7.1245324
1114,-73.116926056,7.112428938
1115,-73.1281359,7.125308
1116,-73.1235074,7.1279953
1117,-73.106408041,7.114836143
1118,-73.118231,7.1316647
1119,-73.120324,7.1173259
1120,-73.114152,7.0810664
1121,-73.1236031,7.1205782
1122,-73.1320888,7.1236281
1123,-73.13261615,7.1038576
1124,-73.131106992,7.119366747
1125,-73.1177161,7.0822905
1126,-73.1240627,7.1452647
1127,-73.1057293,7.1289462
1128,-73.1217886,7.1283271
1129,-73.1019411,7.1177033
1130,-73.1321928,7.0941434
1131,-73.1373038,7.15480005
1132,-73.106939078,7.092780506
1133,-73.1238954,7.10570345
1134,-73.1246051,7.0945671
1135,-73.1185315,7.1333632
1136,-73.133241235,7.098890398
1137,-73.13714884,7.113663272
1138,-73.1182898,7.10715235
1139,-73.137518094,7.121269826
1140,-73.1256964,7.13020917
1141,-73.1051908,7.0942888
1142,-73.12391755,7.12362485
1143,-73.121936826,7.138015221
1144,-73.1183109,7.1007351
1145,-73.1233179,7.119749
1146,-73.1711531,7.1020542
1147,-73.1063917,7.1075086
1148,-73.1211489,7.085013
1149,-73.1052186,7.1097109
1150,-73.1194137,7.1375993
1151,-73.097875918,7.098090785
1152,-73.118358162,7.098526601
1153,-73.1173043,7.1391538
1154,-73.1263448,7.1335634
1155,-73.12301065,7.0775986
1156,-73.1282037,7.1179734
1157,-73.130398139,7.084718336
1158,-73.1282195,7.1297002
1159,-73.128803063,7.121886862
1160,-73.112256,7.0838568
1161,-73.1082044,7.1353861
1162,-73.1231225,7.0871242
1163,-73.1170882,7.1185083
1164,-73.1137105,7.1148338
1165,-73.112586316,7.106558941
1166,-73.1127717,7.1103453
1167,-73.1186476,7.1375738
1168,-73.116478587,7.132881548
1169,-73.1237343,7.1464166
1170,-73.1328583,7.088913
1171,-73.1411632,7.0935927
1172,-73.12284,7.0889077
1173,-73.1154633,7.0801556
1174,-73.1202413,7.1339174
1175,-73.116665769,7.133731482
1176,-73.1183132,7.1190279
1177,-73.140111291,7.121952424
1178,-73.1125093,7.1275104
1179,-73.1190044,7.1241297
1180,-73.1090278,7.1119276
1181,-73.1139305,7.1205756
1182,-73.12367615,7.14706685
1183,-73.1363582,7.12583915
1184,-73.1083619,7.111346
1185,-73.1299507,7.1221804
1186,-73.11023395,7.09310545
1187,-73.1191356,7.1146896
1188,-73.1309818,7.1263729
1189,-73.108999557,7.090143613
1190,-73.103239708,7.095391351
1191,-73.1348731,7.1225932
1192,-73.1133073,7.0909545
1193,-73.1207814,7.1320517
1194,-73.1184361,7.1150156
1195,-73.13256304,7.116491175
1196,-73.1123742,7.09474665
1197,-73.1324849,7.094494
1198,-73.1255852,7.1386503
1199,-73.107680062,7.092358663
1200,-73.1280423,7.128849
1201,-73.1191791,7.109283
1202,-73.1189844,7.1086138
1203,-73.11089615,7.1089192
1204,-73.1176098,7.0990804
1205,-73.131979079,7.081732064
1206,-73.125078221,7.103451435
1207,-73.1337844,7.0998268
1208,-73.1289843,7.1295594
1209,-73.1294456,7.1231854
1210,-73.1222856,7.1308615
1211,-73.1110587,7.135717
1212,-73.1134474,7.13240195
1213,-73.1301815,7.1265331
1214,-73.13790895,7.15585995
1215,-73.171305443,7.101307824
1216,-73.132949905,7.149130625
1217,-73.1316285,7.1254137
1218,-73.114981305,7.109037804
1219,-73.1049585,7.1071729
1220,-73.1273906,7.10192765
1221,-73.1233859,7.1439116
1222,-73.1012612,7.1312521
1223,-73.1021205,7.1023446
1224,-73.1160773,7.1160227
1225,-73.1070567,7.1299375
1226,-73.1221147,7.1300368
1227,-73.105900523,7.126610068
1228,-73.14138935,7.10172405
1229,-73.099636391,7.131076571
1230,-73.1307089,7.1384846
1231,-73.13356846,7.092606815
1232,-73.1066171,7.1058538
1233,-73.1320776,7.1424709
1234,-73.1242632,7.110829
1235,-73.1149635,7.101096
1236,-73.111253648,7.134275693
1237,-73.116146,7.0987149
1238,-73.108222724,7.127910162
1239,-73.110999,7.1206241
1240,-73.1288098,7.1287025
1241,-73.1311414,7.1271717
1242,-73.1285315,7.1313978
1243,-73.12951685,7.12759735
1244,-73.113172487,7.099634254
1245,-73.125204,7.0928873
1246,-73.135444,7.1209957
1247,-73.1310288,7.1402187
1248,-73.126390071,7.129194984
1249,-73.1433127,7.0907633
1250,-73.1370699,7.1044579
1251,-73.1240722,7.135524
1252,-73.1412429,7.1643067
1253,-73.1257099,7.1352124
1254,-73.1191421,7.1045736
1255,-73.119181,7.1227127
1256,-73.13460135,7.13993445
1257,-73.1286537,7.1278812
1258,-73.1216462,7.0759691
1259,-73.13843024,7.148250247
1260,-73.1155377,7.09917345
1261,-73.132617,7.1539716
1262,-73.126147513,7.147430613
1263,-73.1184103,7.0970079
1264,-73.1189731,7.131527
1265,-73.1105957,7.097174
1266,-73.1118464,7.0874117
1267,-73.1255096,7.1030011
1268,-73.11932735,7.12881695
1269,-73.1270616,7.1085396
1270,-73.1402568,7.1059304
1271,-73.1179977,7.1053004
1272,-73.11714865,7.1159505
1273,-73.1424358,7.1606969
1274,-73.1181044,7.0889552
1275,-73.1184024,7.1001405
1276,-73.1139838,7.0912233
1277,-73.1161062,7.1059149
1278,-73.1438506,7.119038
1279,-73.1089951,7.0908765
1280,-73.1314484,7.132859
1281,-73.1230474,7.0852038
1282,-73.1105823,7.13660945
1283,-73.1188353,7.130675
1284,-73.1326064,7.1301627
1285,-73.1135024,7.0879636
1286,-73.1281603,7.120329
1287,-73.11572,7.1312953
1288,-73.1088698,7.13585175
1289,-73.1329876,7.1214393
1290,-73.11338395,7.133452
1291,-73.1138972,7.1222647
1292,-73.110896116,7.084131593
1293,-73.119794634,7.113690778
1294,-73.109550019,7.105024496
1295,-73.1271523,7.0916319
1296,-73.1291399,7.122589
1297,-73.117928126,7.096377769
1298,-73.1132287,7.1212116
1299,-73.104810645,7.119134387
1300,-73.1129896,7.090207
1301,-73.1214504,7.0865704
1302,-73.117373836,7.09078295
1303,-73.1064505,7.1070577
1304,-73.1080127,7.1189294
1305,-73.113812311,7.112491736
1306,-73.1119551,7.1070755
1307,-73.1178221,7.1291199
1308,-73.1171333,7.1270515
1309,-73.12608205,7.0925972
1310,-73.1108977,7.1200625
1311,-73.1116378,7.0897259
1312,-73.1069054,7.1272993
1313,-73.129174045,7.151969673
1314,-73.1241278,7.1045104
1315,-73.1129153,7.1223955
1316,-73.1217037,7.0888391
1317,-73.1214139,7.1351613
1318,-73.1221404,7.111699
1319,-73.1105046,7.0926303
1320,-73.1126408,7.1020088
1321,-73.1067276,7.1098138
1322,-73.1316205,7.1295573
1323,-73.1187224,7.1121521
1324,-73.1123419,7.1040676
1325,-73.1174249,7.1012774
1326,-73.1339234,7.122018
1327,-73.1270899,7.0812769
1328,-73.1273448,7.1231511
1329,-73.1410619,7.1222237
1330,-73.120129,7.1286789
1331,-73.1180928,7.1308185
1332,-73.1166499,7.1193293
1333,-73.142567316,7.100205362
1334,-73.13379375,7.1148916
1335,-73.10751905,7.12627435
1336,-73.1240784,7.1102912
1337,-73.1006348,7.1158588
1338,-73.1047597,7.113859
1339,-73.1071156,7.1057089
1340,-73.1284944,7.1549114
1341,-73.13029175,7.14747575
1342,-73.114075291,7.093029805
1343,-73.120870654,7.128428216
1344,-73.12653275,7.13454305
1345,-73.123901,7.1097838
1346,-73.1250332,7.1268029
1347,-73.1324518,7.1293756
1348,-73.1292818,7.1396693
1349,-73.12741695,7.13447965
1350,-73.1369643,7.09188
1351,-73.1327883,7.1229607
1352,-73.127349166,7.112253764
1353,-73.122802,7.1289971
1354,-73.1306692,7.1289103
1355,-73.11283095,7.12815925
1356,-73.1200029,7.1224233
1357,-73.1172431,7.0993599
1358,-73.1211963,7.1386065
1359,-73.1129996,7.087952
1360,-73.115029886,7.091711888
1361,-73.136526532,7.116905447
1362,-73.1254542,7.1042987
1363,-73.1310844,7.1491062
1364,-73.120993111,7.081646187
1365,-73.1355797,7.1217179
1366,-73.1064177,7.1209583
1367,-73.1303933,7.1550953
1368,-73.114483944,7.129940172
1369,-73.109275,7.1230995
1370,-73.132999,7.119572
1371,-73.1241871,7.1244556
1372,-73.1338774,7.1166167
1373,-73.1104959,7.1342544
1374,-73.1148568,7.0864496
1375,-73.1135561,7.0842052
1376,-73.1315269,7.139243
1377,-73.1366978,7.1425629
1378,-73.1320911,7.1319002
1379,-73.1319598,7.1415017
1380,-73.1231056,7.1114103
1381,-73.1269366,7.1409684
1382,-73.13955235,7.1593294
1383,-73.1242195,7.1406741
1384,-73.1104942,7.1357537
1385,-73.1211263,7.1337313
1386,-73.1349935,7.1233283
1387,-73.1344394,7.1204082
1388,-73.137608896,7.125911695
1389,-73.1116706,7.0869971
1390,-73.171212645,7.100247905
1391,-73.1298326,7.1485612
1392,-73.1102971,7.093984
1393,-73.129471283,7.096716824
1394,-73.1196598,7.1237504
1395,-73.096220214,7.102677184
1396,-73.1407938,7.110509
1397,-73.1185678,7.1340281
1398,-73.1317806,7.126211
1399,-73.142781026,7.109381442
1400,-73.130133001,7.150493507
1401,-73.123726,7.1448688
1402,-73.1033403,7.1014264
1403,-73.1193359,7.1097217
1404,-73.1134921,7.1242293
1405,-73.1353859,7.1426694
1406,-73.127886,7.1280193
1407,-73.1164289,7.0999805
1408,-73.141536627,7.158611013
1409,-73.1110323,7.1352096
1410,-73.125894,7.1403281
1411,-73.1321521,7.1124565
1412,-73.1135127,7.0869204
1413,-73.1156812,7.1020258
1414,-73.13261285,7.1172902
1415,-73.122786,7.1088643
1416,-73.1417926,7.1618604
1417,-73.1276984,7.1315632
1418,-73.1308264,7.1297073
1419,-73.1153912,7.0864794
1420,-73.141361169,7.149390373
1421,-73.1247393,7.1388123
1422,-73.1250639,7.1404952
1423,-73.1135257,7.0847588
1424,-73.12297355,7.10727165
1425,-73.1290024,7.0811368
1426,-73.1305565,7.1376888
1427,-73.1270602,7.09451775
1428,-73.1315639,7.1336223
1429,-73.1239003,7.1434024
1430,-73.1383614,7.1167731
1431,-73.1099649,7.1347908
1432,-73.1081126,7.1099883
1433,-73.1131343,7.1287768
1434,-73.140274509,7.160852339
1435,-73.1134598,7.1098366
1436,-73.11594375,7.0972254
1437,-73.1144284,7.1187052
1438,-73.114602,7.1013811
1439,-73.1346039,7.0924819
1440,-73.12727,7.1383134
1441,-73.1071944,7.0968067
1442,-73.13470342,7.081488219
1443,-73.128688525,7.150670441
1444,-73.1119987,7.1116466
1445,-73.1312908,7.1237877
1446,-73.12590018,7.093534553
1447,-73.13078325,7.10425445
1448,-73.1239762,7.1350147
1449,-73.1257124,7.1505037
1450,-73.105762324,7.097881386
1451,-73.1341102,7.12921085
1452,-73.1097064,7.0906547
1453,-73.1148822,7.0825617
1454,-73.1063917,7.130677
1455,-73.1348082,7.1256053
1456,-73.107903315,7.102906464
1457,-73.1253692,7.1092262
1458,-73.1148607,7.1314492
1459,-73.123027,7.0865178
1460,-73.12297415,7.09682285
1461,-73.1294627,7.1050736
1462,-73.1168168,7.1164119
1463,-73.142821152,7.11477875
1464,-73.105332,7.1061936
1465,-73.12415419,7.152941589
1466,-73.12338735,7.14101415
1467,-73.14223635,7.15088365
1468,-73.12674256,7.107743964
1469,-73.107978,7.1323594
1470,-73.1314599,7.1287576
1471,-73.13480315,7.1320774
1472,-73.1331283,7.1377252
1473,-73.135534035,7.138492415
1474,-73.1056368,7.09
1475,-73.1359407,7.1423308
1476,-73.0956593,7.1008321
1477,-73.139907291,7.120685309
1478,-73.129906089,7.146706756
1479,-73.113565309,7.134155277
1480,-73.1085809,7.1342944
1481,-73.134249718,7.125156801
1482,-73.1271185,7.1023573
1483,-73.142378,7.0932531
1484,-73.105438,7.1070446
1485,-73.10667385,7.096392
1486,-73.1274662,7.095975
1487,-73.1311902,7.1410104
1488,-73.1277766,7.1408183
1489,-73.1156504,7.1064681
1490,-73.126450472,7.108489114
1491,-73.1243819,7.0929947
1492,-73.1278585,7.1072769
1493,-73.132582,7.1260527
1494,-73.1397271,7.155272
1495,-73.1269434,7.0959756
1496,-73.1206624,7.1271412
1497,-73.133249,7.1228797
1498,-73.1317454,7.1219508
1499,-73.0970915,7.1046175
1500,-73.1176982,7.1283816
1501,-73.1136435,7.1226776
1502,-73.1200909,7.1061128
1503,-73.1230615,7.0856669
1504,-73.1240175,7.145823
1505,-73.1227634,7.1334069
1506,-73.1106411,7.1033771
1507,-73.1050654,7.130156
1508,-73.1169472,7.1014259
1509,-73.1347076,7.0853298
1510,-73.13387375,7.1159809
1511,-73.1135535,7.0836345
1512,-73.1295086,7.1571309
1513,-73.1148453,7.0874793
1514,-73.1318608,7.1039741
1515,-73.1153854,7.0869892
1516,-73.1323272,7.1467285
1517,-73.139222317,7.14883762
1518,-73.116586,7.1153668
1519,-73.1167286,7.1319783
1520,-73.113617,7.1361988
1521,-73.1333398,7.1233743
1522,-73.1349101,7.1239033
1523,-73.119965912,7.093919863
1524,-73.1121835,7.102056
1525,-73.1326515,7.1222425
1526,-73.1259262,7.1125773
1527,-73.12728685,7.152688
1528,-73.1248084,7.1099994
1529,-73.13147565,7.15297195
1530,-73.142151807,7.157993947
1531,-73.1411866,7.11584095
1532,-73.106246,7.1202743
1533,-73.0947736,7.1062032
1534,-73.1135682,7.0819999
1535,-73.1204747,7.1074617
1536,-73.1131799,7.0897424
1537,-73.132686036,7.142421462
1538,-73.141855141,7.115183241
1539,-73.1272517,7.1533372
1540,-73.10096,7.0993902
1541,-73.112615,7.0842518
1542,-73.113060443,7.093151008
1543,-73.11552106,7.090518058
1544,-73.126159597,7.148981165
1545,-73.1327693,7.1309693
1546,-73.1336048,7.1388174
1547,-73.1209671,7.1361378
1548,-73.1026424,7.1139225
1549,-73.113508803,7.131414929
1550,-73.0997979,7.1319693
1551,-73.1310415,7.1367177
1552,-73.1045478,7.1063841
1553,-73.1073021,7.1019114
1554,-73.135058064,7.12987556
1555,-73.128319938,7.151857226
1556,-73.1021075,7.1048717
1557,-73.1133319,7.1067508
1558,-73.1149794,7.0995943
1559,-73.129937134,7.154223075
1560,-73.1236894,7.1093322
1561,-73.1416892,7.101066
1562,-73.1260548,7.1411352
1563,-73.1062377,7.131503
1564,-73.117909,7.1011127
1565,-73.12332295,7.08825285
1566,-73.1386759,7.1067733
1567,-73.1153576,7.1023496
1568,-73.1332216,7.1170404
1569,-73.1334916,7.1197953
1570,-73.1131919,7.0935026
1571,-73.145632951,7.151372428
1572,-73.1143802,7.0902408
1573,-73.1148174,7.1373909
1574,-73.1287422,7.1474849
1575,-73.1354192,7.1402908
1576,-73.1335733,7.130813
1577,-73.1080612,7.1194543
1578,-73.11033705,7.1016056
1579,-73.104780512,7.132519576
1580,-73.1397987,7.1062866
1581,-73.118439,7.1116475
1582,-73.1355628,7.1417236
1583,-73.13935045,7.1152074
1584,-73.1024896,7.116628
1585,-73.122112245,7.107058248
1586,-73.1165898,7.0969681
1587,-73.1164114,7.1188654
1588,-73.118120546,7.08760375
1589,-73.1203967,7.1416408
1590,-73.096477128,7.101578619
1591,-73.142622098,7.108505821
1592,-73.1143168,7.1314516
1593,-73.1221421,7.1089686
1594,-73.132523215,7.143805943
1595,-73.1245508,7.1537423
1596,-73.097267145,7.098049752
1597,-73.1092776,7.1365596
1598,-73.120564101,7.072238541
1599,-73.1109909,7.134751
1600,-73.1370083,7.1387389
1601,-73.1302594,7.1566712
1602,-73.1185868,7.1289647
1603,-73.1180097,7.0973099
1604,-73.1399222,7.1588335
1605,-73.1034042,7.1007688
1606,-73.136855173,7.105204227
1607,-73.1366327,7.1430603
1608,-73.1193297,7.1133521
1609,-73.140429911,7.162686376
1610,-73.1358673,7.1335232
1611,-73.136279,7.1328358
1612,-73.1181464,7.1110964
1613,-73.0982061,7.1036914
1614,-73.1177237,7.0776671
1615,-73.0983335,7.1010604
1616,-73.1058691,7.1258122
1617,-73.13504625,7.1561741
1618,-73.1277672,7.1491961
1619,-73.1301325,7.1209308
1620,-73.1195678,7.1127317
1621,-73.1345578,7.1424259
1622,-73.13568595,7.1254433
1623,-73.11082035,7.1083915
1624,-73.1220014,7.1076875
1625,-73.1177564,7.1382358
